baseline,semantic_equivalence_rate,semantic_drift_count,median_runtime_s,speedup_vs_manual_carry
auto_guarded_static,1.0,0,1.0106632582953892,0.08942338300741991
auto_unguarded,0.9046941678520626,670,1.0476387433549768,0.05610960433695963
manual_carry,1.0,0,1.1092645517876225,0.0005866398861924902
fixed_comp,1.0,0,1.2325161686529138,-0.11283018816813523
fixed_enum,1.0,0,1.7932500000000002,-0.6183013710744001
