dataset,mean_regret_s,p95_regret_s,violation_rate
ordering_v1,0.0015851804598545035,0.008300970518030217,0.0
mnist_sum_k_v1,0.0054119249262536565,0.017027145740576087,0.0
shortest_path_v1,0.007340661079312364,0.026747429382521632,0.06666666666666667
sudoku_4x4_v1,0.0074765108603363235,0.030024270399007937,0.06666666666666667
formula_eval_v1,0.007842930421854058,0.02629482852062209,0.06666666666666667
counting_v1,0.010923833345683913,0.03896391210146244,0.06666666666666667
