dataset,mean_regret_s,p95_regret_s,violation_rate
counting_v1,0.0027491194118435184,0.01388635023031381,0.06666666666666667
shortest_path_v1,0.0027915778181826075,0.010126000200398264,0.0
mnist_sum_k_v1,0.006505305413156748,0.02623732868814839,0.06666666666666667
formula_eval_v1,0.007111280589985351,0.03209595894441006,0.06666666666666667
ordering_v1,0.008027680614031852,0.026191150210797775,0.06666666666666667
sudoku_4x4_v1,0.012248761191343268,0.0626231627888046,0.13333333333333333
