dataset,mean_regret_s,p95_regret_s,violation_rate
formula_eval_v1,0.0016246580751612782,0.008054732147138558,0.0
shortest_path_v1,0.002151419532795747,0.008965499838814128,0.0
sudoku_4x4_v1,0.0021515305852517486,0.008488087693694977,0.0
ordering_v1,0.002226252652083834,0.008651103742886333,0.0
mnist_sum_k_v1,0.0025058138805131116,0.014237637503538273,0.0
counting_v1,0.0025471470473955077,0.008142154174856841,0.0
